{"cameraMode":{"drawMode":0,"name":"Shaded","section":"Shading Mode"},"sceneLighting":true,"audioPlay":false,"sceneViewState":{"m_AlwaysRefresh":false,"showFog":true,"showSkybox":true,"showFlares":true,"showImageEffects":true,"showParticleSystems":true,"showVisualEffectGraphs":true,"m_FxEnabled":true},"in2DMode":false,"pivot":{"x":0.025553157553076745,"y":0.032003551721572879,"z":-0.04077978432178497},"rotation":{"x":-0.3325948119163513,"y":0.03591623902320862,"z":-0.012677040882408619,"w":-0.9423010349273682},"size":20.885295867919923,"orthographic":false}